Benchmark,sim_seconds,system.cpu.cpi,system.cpu.dcache.overall_miss_rate::total,system.cpu.icache.overall_miss_rate::total,system.l2.overall_miss_rate::total
specbzip,0.083982,1.679650,0.014798,0.000077,0.282163
spechmmer,0.059396,1.187917,0.001637,0.000221,0.077760
speclibm,0.174671,3.493415,0.060972,0.000094,0.999944
specmcf,0.064955,1.299095,0.002108,0.023612,0.055046
specsjeng,0.513528,10.270554,0.121831,0.000020,0.999972
